{ "Foxe Basin": [[0,0], [0,1], [1,1]], 
			"Gulf of Boothia": [[0,0], [0,1], [1,1]],
			"Norwegian Bay": [[0,0], [0,1], [1,1]],
			"Northern Beaufort Sea": [[0,0], [0,1], [1,1]],
			"Southern Beaufort Sea": [	[-167.255988, 72.152804], 
										[-161.98255, 67.773451],
										[-122.25599, 66.580513],
										[-122.607553, 70.10817],
										[-140.71302, 71.963281],
										[-140.62513, 72.788075]
										],
			"Lancaster Sound": [[0,0], [0,1], [1,1]],
			"Grisefiord": [[0,0], [0,1], [1,1]],
			"Cambridge Bay": [[0,0], [0,1], [1,1]],
			"Arctic Bay": [[0,0], [0,1], [1,1]],
			"Resolute Bay": [[0,0], [0,1], [1,1]],
			"Parry Channel": [[0,0], [0,1], [1,1]],
			"Davis Strait": [[0,0], [0,1], [1,1]],
			"Baffin Bay": [[0,0], [0,1], [1,1]],
			"Viscount Melville Sound": [[0,0], [0,1], [1,1]],
			"Western Hudson Bay": [[0,0], [0,1], [1,1]],
			"McClintock Channel": [[0,0], [0,1], [1,1]],
			}